time,L1STAGE,GWFFLOW
  1.000000000000,  10.75396664,  32841.37998
  2.000000000000,  8.672285099,  32839.61576
  3.000000000000,  10.76020448,  104502.8098
