time,L1STAGE,GWFFLOW
1.000000000000,11.00373206,33010.07343
2.000000000000,9.169055146,44244.71163
3.000000000000,9.169321722,25091.04280
4.000000000000,9.458596651,74397.05712
