time,CHDFLOW
1.000000000000,33405.47199228573
