time,PF,DS
1.000000000000,-96443.99998538362,-788045.0140176106
