time,CHDFLOW
  1.000000000000,  32331.02179
  2.000000000000,  121727.2007
  3.000000000000,  102201.6212
