time,L1STAGE,GWFFLOW
  1.000000000000,  10.96196814,  32839.12421
  2.000000000000,  8.908790109,  32825.44974
  3.000000000000,  9.336141106,  31819.68736
