time,CHDFLOW
1.000000000000,-131214.8099178736
