time,PF,DS
1.000000000000,-140338.8734039545,-579525.8719195353
